TC_plate,TC_well,Condition,TimeDays,CPM_in_100_uL_protein_depleted_medium,CPM_in_100_uL_cell_protein_extract,percentage_of_protein_depleted_medium_counted,percentage_of_cell_protein_extract_counted,CPM_ratio_protein_depleted_medium_over_cell_protein,CPM_ratio_protein_depleted_medium_over_total_observed_CPM,X_to_1_coeff_Ci_per_L_to_CPM_protein_depleted_medium,X_to_0_coeff_Ci_per_L_to_CPM_protein_depleted_medium,specific_activity_in_protein_depleted_medium_nanoCi_per_L,activity_in_protein_depleted_medium_picoCi,X_to_1_coeff_Ci_per_L_to_CPM_cell_protein_extract,X_to_0_coeff_Ci_per_L_to_CPM_cell_protein_extract,specific_activity_in_cell_protein_extract_nanoCi_per_L,activity_in_cell_protein_extract_picoCi,curie_ratio_protein_depleted_medium_over_cell_protein,curie_ratio_protein_depleted_medium_over_total_observed_CPM
17,1,DD,0,233,6421,0.181818182,0.666666667,0.133053003,0.117428755,66322046.11,21.95533141,3182.119385,477.3179078,110263860.3,464.2044674,54023.09985,8103.464978,0.05890294,0.055626382
17,2,DD,0,222,4779,0.181818182,0.666666667,0.170328521,0.145539067,66322046.11,21.95533141,3016.262017,452.4393026,110263860.3,464.2044674,39131.54793,5869.73219,0.077080059,0.071563909
17,3,DD,0,224,6753,0.181818182,0.666666667,0.121624957,0.108436386,66322046.11,21.95533141,3046.417902,456.9626854,110263860.3,464.2044674,57034.05919,8555.108879,0.053414012,0.050705621
17,4,DD,0,217,6675,0.181818182,0.666666667,0.119200999,0.106505444,66322046.11,21.95533141,2940.872305,441.1308457,110263860.3,464.2044674,56326.66513,8448.99977,0.052211014,0.049620288
17,5,DD,0,253,6901,0.181818182,0.666666667,0.134424963,0.118496125,66322046.11,21.95533141,3483.678236,522.5517354,110263860.3,464.2044674,58376.29408,8756.444112,0.059676249,0.056315548
17,6,DD,0,245,6388,0.181818182,0.666666667,0.140628261,0.123290178,66322046.11,21.95533141,3363.054696,504.4582043,110263860.3,464.2044674,53723.81775,8058.572663,0.062598952,0.058911174
17,7,D,0,191,6629,0.181818182,0.666666667,0.105646905,0.095552119,66322046.11,21.95533141,2548.845799,382.3268698,110263860.3,464.2044674,55909.48402,8386.422603,0.045588791,0.043601071
17,8,D,0,237,5937,0.181818182,0.666666667,0.146370221,0.127681458,66322046.11,21.95533141,3242.431155,486.3646733,110263860.3,464.2044674,49633.62901,7445.044351,0.065327304,0.061321346
17,9,D,0,214,6683,0.181818182,0.666666667,0.11741234,0.105075213,66322046.11,21.95533141,2895.638477,434.3457715,110263860.3,464.2044674,56399.21837,8459.882755,0.051341819,0.048834564
17,10,D,0,222,6687,0.181818182,0.666666667,0.121728727,0.108518864,66322046.11,21.95533141,3016.262017,452.4393026,110263860.3,464.2044674,56435.49499,8465.324248,0.053446187,0.050734615
17,11,D,0,215,6666,0.181818182,0.666666667,0.118261826,0.105755042,66322046.11,21.95533141,2910.71642,436.6074629,110263860.3,464.2044674,56245.04274,8436.756411,0.05175063,0.049204278
17,12,V,0,243,7127,0.181818182,0.666666667,0.125017539,0.111124969,66322046.11,21.95533141,3332.89881,499.9348216,110263860.3,464.2044674,60425.92303,9063.888455,0.055156771,0.052273532
17,13,DDT,0,237,6854,0.181818182,0.666666667,0.126787278,0.112521041,66322046.11,21.95533141,3242.431155,486.3646733,110263860.3,464.2044674,57950.04381,8692.506572,0.055952178,0.052987416
17,14,DDT,0,255,7001,0.181818182,0.666666667,0.13355235,0.11781754,66322046.11,21.95533141,3513.834121,527.0751181,110263860.3,464.2044674,59283.20955,8892.481432,0.059271995,0.055955407
17,15,DDT,0,198,5483,0.181818182,0.666666667,0.132409265,0.116927041,66322046.11,21.95533141,2654.391396,398.1587095,110263860.3,464.2044674,45516.2328,6827.43492,0.058317467,0.055103944
17,16,DDT,0,232,6734,0.181818182,0.666666667,0.126324126,0.112156104,66322046.11,21.95533141,3167.041443,475.0562164,110263860.3,464.2044674,56861.74526,8529.261788,0.055697225,0.052758712
17,17,DDT,0,226,6417,0.181818182,0.666666667,0.129136149,0.114367208,66322046.11,21.95533141,3076.573787,461.4860681,110263860.3,464.2044674,53986.82324,8098.023485,0.056987494,0.053915013
17,18,V,0,226,6717,0.181818182,0.666666667,0.123368567,0.109820206,66322046.11,21.95533141,3076.573787,461.4860681,110263860.3,464.2044674,56707.56963,8506.135444,0.054253318,0.051461368
17,19,DDTTP,0,206,6519,0.181818182,0.666666667,0.115866442,0.103835403,66322046.11,21.95533141,2775.014937,416.2522405,110263860.3,464.2044674,54911.87701,8236.781551,0.050535787,0.048104775
17,20,DDTTP,0,166,6766,0.181818182,0.666666667,0.089959602,0.082534804,66322046.11,21.95533141,2171.897235,325.7845853,110263860.3,464.2044674,57151.95821,8572.793731,0.038002149,0.036610858
17,21,DDTTP,0,226,6777,0.181818182,0.666666667,0.122276327,0.10895385,66322046.11,21.95533141,3076.573787,461.4860681,110263860.3,464.2044674,57251.71891,8587.757836,0.053737667,0.050997196
17,22,DDTTP,0,204,6977,0.181818182,0.666666667,0.107209402,0.096828479,66322046.11,21.95533141,2744.859052,411.7288577,110263860.3,464.2044674,59065.54983,8859.832475,0.046471404,0.044407715
17,23,DDTTP,0,223,6347,0.181818182,0.666666667,0.128827267,0.114124872,66322046.11,21.95533141,3031.33996,454.700994,110263860.3,464.2044674,53351.98241,8002.797362,0.056817757,0.05376306
17,24,V,0,238,6816,0.181818182,0.666666667,0.128032081,0.11350039,66322046.11,21.95533141,3257.509098,488.6263647,110263860.3,464.2044674,57605.41594,8640.812391,0.05654866,0.05352206
18,1,DDTT,0,217,5902,0.181818182,0.666666667,0.134813058,0.118797591,66322046.11,21.95533141,2940.872305,441.1308457,110263860.3,464.2044674,49316.20859,7397.431289,0.059632976,0.056277011
18,2,DDTT,0,218,5864,0.181818182,0.666666667,0.13631196,0.11995998,66322046.11,21.95533141,2955.950247,443.3925371,110263860.3,464.2044674,48971.58072,7345.737108,0.060360523,0.056924529
18,3,DDTT,0,225,6399,0.181818182,0.666666667,0.128926395,0.114202658,66322046.11,21.95533141,3061.495845,459.2243767,110263860.3,464.2044674,53823.57845,8073.536768,0.056880199,0.053818965
18,4,DDTT,0,205,5971,0.181818182,0.666666667,0.125886228,0.111810789,66322046.11,21.95533141,2759.936994,413.9905491,110263860.3,464.2044674,49941.98026,7491.29704,0.055262867,0.052368816
18,5,DDTT,0,201,6329,0.181818182,0.666666667,0.116448096,0.104302293,66322046.11,21.95533141,2699.625224,404.9437836,110263860.3,464.2044674,53188.73763,7978.310644,0.05075558,0.048303888
18,6,DDTT,0,259,5898,0.181818182,0.666666667,0.161015033,0.13868471,66322046.11,21.95533141,3574.145891,536.1218837,110263860.3,464.2044674,49279.93198,7391.989796,0.072527411,0.067622898
18,7,TT,0,250,5796,0.181818182,0.666666667,0.158155049,0.136557752,66322046.11,21.95533141,3438.444408,515.7666612,110263860.3,464.2044674,48354.8782,7253.23173,0.071108532,0.066387794
18,8,TT,0,207,5590,0.181818182,0.666666667,0.135778175,0.119546385,66322046.11,21.95533141,2790.092879,418.5139319,110263860.3,464.2044674,46486.63235,6972.994852,0.060019252,0.056620907
18,9,TT,0,193,6291,0.181818182,0.666666667,0.112488741,0.101114498,66322046.11,21.95533141,2579.001684,386.8502526,110263860.3,464.2044674,52844.10975,7926.616463,0.048803957,0.046532965
18,10,TT,0,214,6383,0.181818182,0.666666667,0.122930701,0.109473097,66322046.11,21.95533141,2895.638477,434.3457715,110263860.3,464.2044674,53678.47198,8051.770797,0.05394413,0.051183102
18,11,TT,0,216,6435,0.181818182,0.666666667,0.123076923,0.109589041,66322046.11,21.95533141,2925.794362,438.8691543,110263860.3,464.2044674,54150.06802,8122.510203,0.054031222,0.051261501
18,12,V,0,232,6499,0.181818182,0.666666667,0.130891932,0.115742211,66322046.11,21.95533141,3167.041443,475.0562164,110263860.3,464.2044674,54730.49392,8209.574087,0.057866122,0.054700799
18,13,P,0,206,2140,0.181818182,0.666666667,0.352959502,0.260879576,66322046.11,21.95533141,2775.014937,416.2522405,110263860.3,464.2044674,15198.04883,2279.707325,0.182590211,0.154398547
18,14,P,0,184,4155,0.181818182,0.666666667,0.162374649,0.13969218,66322046.11,21.95533141,2443.300201,366.4950301,110263860.3,464.2044674,33472.39544,5020.859315,0.072994483,0.068028759
18,15,P,0,193,4000,0.181818182,0.666666667,0.176916667,0.15032217,66322046.11,21.95533141,2579.001684,386.8502526,110263860.3,464.2044674,32066.67647,4810.00147,0.080426223,0.074439348
18,16,P,0,202,3601,0.181818182,0.666666667,0.205683606,0.17059501,66322046.11,21.95533141,2714.703167,407.205475,110263860.3,464.2044674,28448.08376,4267.212565,0.095426574,0.08711362
18,17,P,0,206,3074,0.181818182,0.666666667,0.245716764,0.197249304,66322046.11,21.95533141,2775.014937,416.2522405,110263860.3,464.2044674,23668.63927,3550.29589,0.11724438,0.104940676
18,18,V,0,216,3645,0.181818182,0.666666667,0.217283951,0.178498986,66322046.11,21.95533141,2925.794362,438.8691543,110263860.3,464.2044674,28847.12657,4327.068985,0.101424118,0.092084526
18,19,TTP,0,219,2755,0.181818182,0.666666667,0.291470054,0.225688589,66322046.11,21.95533141,2971.02819,445.6542285,110263860.3,464.2044674,20775.57894,3116.336841,0.143005795,0.125113797
18,20,TTP,0,244,6792,0.181818182,0.666666667,0.131723596,0.116392021,66322046.11,21.95533141,3347.976753,502.196513,110263860.3,464.2044674,57387.75623,8608.163434,0.058339565,0.055123674
18,21,TTP,0,209,872,0.181818182,0.666666667,0.87882263,0.46775178,66322046.11,21.95533141,2820.248764,423.0373146,110263860.3,464.2044674,3698.360748,554.7541122,0.762567244,0.43264576
18,22,TTP,0,200,6531,0.181818182,0.666666667,0.112285,0.100949846,66322046.11,21.95533141,2684.547282,402.6820922,110263860.3,464.2044674,55020.70686,8253.10603,0.048791581,0.046521713
18,23,TTP,0,198,626,0.181818182,0.666666667,1.159744409,0.536982249,66322046.11,21.95533141,2654.391396,398.1587095,110263860.3,464.2044674,1467.348706,220.1023059,1.808971096,0.643997761
18,24,V,0,257,4872,0.181818182,0.666666667,0.193418172,0.162070745,66322046.11,21.95533141,3543.990006,531.5985009,110263860.3,464.2044674,39974.97931,5996.246897,0.088655206,0.081435523
19,1,DD,1,283,3650,0.181818182,0.666666667,0.284292237,0.221361018,66322046.11,21.95533141,3936.016512,590.4024768,110263860.3,464.2044674,28892.47234,4333.870851,0.136229827,0.119896366
19,2,DD,1,322,1390,0.181818182,0.666666667,0.84940048,0.459284232,66322046.11,21.95533141,4524.056271,678.6084406,110263860.3,464.2044674,8396.182852,1259.427428,0.538822981,0.350152673
19,3,DD,1,300,2315,0.181818182,0.666666667,0.475161987,0.322108346,66322046.11,21.95533141,4192.341535,628.8512302,110263860.3,464.2044674,16785.1509,2517.772634,0.2497649,0.199849508
19,4,DD,1,281,413,0.181818182,0.666666667,2.494753834,0.713856813,66322046.11,21.95533141,3905.860627,585.879094,110263860.3,464.2044674,,,,
19,5,DD,1,325,754,0.181818182,0.666666667,1.58045977,0.61247216,66322046.11,21.95533141,4569.290098,685.3935147,110263860.3,464.2044674,2628.2005,394.230075,1.738562221,0.634844886
19,6,DD,1,317,1227,0.181818182,0.666666667,0.94729693,0.486467634,66322046.11,21.95533141,4448.666558,667.2999837,110263860.3,464.2044674,6917.910645,1037.686597,0.64306505,0.39138137
19,7,D,1,331,5579,0.181818182,0.666666667,0.217541973,0.178673079,66322046.11,21.95533141,4659.757754,698.963663,110263860.3,464.2044674,46386.87165,6958.030747,0.100454236,0.091284338
19,8,D,1,321,6689,0.181818182,0.666666667,0.175960532,0.149631325,66322046.11,21.95533141,4508.978328,676.3467492,110263860.3,464.2044674,56453.6333,8468.044995,0.079870472,0.073963011
19,9,D,1,294,4946,0.181818182,0.666666667,0.217953902,0.178950863,66322046.11,21.95533141,4101.87388,615.281082,110263860.3,464.2044674,40646.09676,6096.914514,0.100916797,0.091666143
19,10,D,1,275,3248,0.181818182,0.666666667,0.310447455,0.236901872,66322046.11,21.95533141,3815.392972,572.3089457,110263860.3,464.2044674,25246.67218,3787.000826,0.15112459,0.131284303
19,11,D,1,291,4570,0.181818182,0.666666667,0.233479212,0.189285081,66322046.11,21.95533141,4056.640052,608.4960078,110263860.3,464.2044674,37236.09461,5585.414192,0.108943757,0.098241012
19,12,V,1,289,2567,0.181818182,0.666666667,0.412803532,0.2921875,66322046.11,21.95533141,4026.484167,603.9726251,110263860.3,464.2044674,19070.57787,2860.58668,0.211135929,0.174328846
19,13,DDT,1,313,755,0.181818182,0.666666667,1.5200883,0.603188507,66322046.11,21.95533141,4388.354788,658.2532182,110263860.3,464.2044674,2637.269655,395.5904482,1.663976522,0.624621316
19,14,DDT,1,308,7121,0.181818182,0.666666667,0.158591958,0.136883358,66322046.11,21.95533141,4312.965075,646.9447613,110263860.3,464.2044674,60371.5081,9055.726215,0.071440406,0.066676976
19,15,DDT,1,310,6779,0.181818182,0.666666667,0.167674682,0.143597086,66322046.11,21.95533141,4343.12096,651.468144,110263860.3,464.2044674,57269.85722,8590.478582,0.075836071,0.070490359
19,16,DDT,1,296,7347,0.181818182,0.666666667,0.147724695,0.128710914,66322046.11,21.95533141,4132.029765,619.8044647,110263860.3,464.2044674,62421.13705,9363.170558,0.066196003,0.062086148
19,17,DDT,1,259,6624,0.181818182,0.666666667,0.143367552,0.125390608,66322046.11,21.95533141,3574.145891,536.1218837,110263860.3,464.2044674,55864.13825,8379.620737,0.063979254,0.06013205
19,18,V,1,291,7100,0.181818182,0.666666667,0.15028169,0.130647729,66322046.11,21.95533141,4056.640052,608.4960078,110263860.3,464.2044674,60181.05586,9027.158378,0.06740726,0.06315046
19,19,DDTTP,1,271,6272,0.181818182,0.666666667,0.158428997,0.13676194,66322046.11,21.95533141,3755.081201,563.2621802,110263860.3,464.2044674,52671.79581,7900.769372,0.071292067,0.066547741
19,20,DDTTP,1,317,6755,0.181818182,0.666666667,0.172070072,0.14680869,66322046.11,21.95533141,4448.666558,667.2999837,110263860.3,464.2044674,57052.1975,8557.829626,0.077975376,0.072335025
19,21,DDTTP,1,309,6928,0.181818182,0.666666667,0.163539261,0.140553281,66322046.11,21.95533141,4328.043018,649.2064527,110263860.3,464.2044674,58621.16126,8793.174189,0.073830728,0.068754531
19,22,DDTTP,1,285,6338,0.181818182,0.666666667,0.164878511,0.141541379,66322046.11,21.95533141,3966.172397,594.9258595,110263860.3,464.2044674,53270.36002,7990.554003,0.074453644,0.069294421
19,23,DDTTP,1,294,3883,0.181818182,0.666666667,0.277620397,0.2172949,66322046.11,21.95533141,4101.87388,615.281082,110263860.3,464.2044674,31005.58537,4650.837806,0.132294676,0.116837674
19,24,V,1,319,8594,0.181818182,0.666666667,0.136102707,0.11979789,66322046.11,21.95533141,4478.822443,671.8233665,110263860.3,464.2044674,73730.37289,11059.55593,0.060745962,0.05726721
20,1,DDTT,1,282,6307,0.181818182,0.666666667,0.163944823,0.140852745,66322046.11,21.95533141,3920.938569,588.1407854,110263860.3,464.2044674,52989.21622,7948.382434,0.073995029,0.068896994
20,2,DDTT,1,288,6846,0.181818182,0.666666667,0.154250657,0.133637054,66322046.11,21.95533141,4011.406225,601.7109337,110263860.3,464.2044674,57877.49058,8681.623586,0.069308572,0.06481625
20,3,DDTT,1,280,6754,0.181818182,0.666666667,0.152008686,0.13195099,66322046.11,21.95533141,3890.782684,583.6174026,110263860.3,464.2044674,57043.12835,8556.469252,0.068207737,0.063852502
20,4,DDTT,1,269,7203,0.181818182,0.666666667,0.136933685,0.120441224,66322046.11,21.95533141,3724.925316,558.7387975,110263860.3,464.2044674,61115.17878,9167.276818,0.060949266,0.057447861
20,5,DDTT,1,330,6963,0.181818182,0.666666667,0.173775671,0.148048452,66322046.11,21.95533141,4644.679811,696.7019716,110263860.3,464.2044674,58938.58167,8840.78725,0.078805422,0.073048782
20,6,DDTT,1,320,6960,0.181818182,0.666666667,0.168582375,0.144262295,66322046.11,21.95533141,4493.900386,674.0850578,110263860.3,464.2044674,58911.37421,8836.706131,0.076282389,0.070875813
20,7,TT,1,299,6856,0.181818182,0.666666667,0.159908596,0.137863101,66322046.11,21.95533141,4177.263592,626.5895389,110263860.3,464.2044674,57968.18212,8695.227318,0.072061318,0.067217534
20,8,TT,1,292,6896,0.181818182,0.666666667,0.155259087,0.134393305,66322046.11,21.95533141,4071.717995,610.7576992,110263860.3,464.2044674,58330.94831,8749.642246,0.069803734,0.065249103
20,9,TT,1,297,7153,0.181818182,0.666666667,0.152243814,0.132128124,66322046.11,21.95533141,4147.107707,622.0661561,110263860.3,464.2044674,60661.72105,9099.258158,0.068364491,0.063989857
20,10,TT,1,280,7371,0.181818182,0.666666667,0.139284584,0.122256182,66322046.11,21.95533141,3890.782684,583.6174026,110263860.3,464.2044674,62638.79676,9395.819514,0.062114582,0.058481997
20,11,TT,1,298,7285,0.181818182,0.666666667,0.149988561,0.130426133,66322046.11,21.95533141,4162.18565,624.3278475,110263860.3,464.2044674,61858.84946,9278.82742,0.06728521,0.063043326
20,12,V,1,329,6386,0.181818182,0.666666667,0.188902808,0.158888352,66322046.11,21.95533141,4629.601868,694.4402803,110263860.3,464.2044674,53705.67944,8055.851916,0.086203208,0.079361953
20,13,P,1,295,7064,0.181818182,0.666666667,0.15312382,0.132790441,66322046.11,21.95533141,4116.951822,617.5427733,110263860.3,464.2044674,59854.56629,8978.184943,0.068782585,0.064356013
20,14,P,1,264,7676,0.181818182,0.666666667,0.126107348,0.111985192,66322046.11,21.95533141,3649.535604,547.4303406,110263860.3,464.2044674,65404.88893,9810.733339,0.055799125,0.052850134
20,15,P,1,287,7083,0.181818182,0.666666667,0.148571697,0.129353438,66322046.11,21.95533141,3996.328282,599.4492423,110263860.3,464.2044674,60026.88023,9004.032034,0.066575645,0.062419994
20,16,P,1,273,7861,0.181818182,0.666666667,0.127337489,0.112954186,66322046.11,21.95533141,3785.237087,567.785563,110263860.3,464.2044674,67082.68254,10062.40238,0.056426442,0.053412561
20,17,P,1,282,7542,0.181818182,0.666666667,0.137098913,0.12056903,66322046.11,21.95533141,3920.938569,588.1407854,110263860.3,464.2044674,64189.62221,9628.443331,0.061083684,0.057567263
20,18,V,1,291,6556,0.181818182,0.666666667,0.162751678,0.13997114,66322046.11,21.95533141,4056.640052,608.4960078,110263860.3,464.2044674,55247.43573,8287.11536,0.073426757,0.068404068
20,19,TTP,1,344,6994,0.181818182,0.666666667,0.180345058,0.152790115,66322046.11,21.95533141,4855.771006,728.365651,110263860.3,464.2044674,59219.72546,8882.958819,0.081995838,0.075782027
20,20,TTP,1,285,6842,0.181818182,0.666666667,0.152733119,0.132496513,66322046.11,21.95533141,3966.172397,594.9258595,110263860.3,464.2044674,57841.21396,8676.182094,0.068570006,0.064169877
20,21,TTP,1,324,7659,0.181818182,0.666666667,0.155111633,0.134282808,66322046.11,21.95533141,4554.212156,683.1318234,110263860.3,464.2044674,65250.7133,9787.606995,0.069795592,0.065241989
20,22,TTP,1,300,7214,0.181818182,0.666666667,0.152481286,0.132306952,66322046.11,21.95533141,4192.341535,628.8512302,110263860.3,464.2044674,61214.93948,9182.240923,0.068485595,0.064095946
20,23,TTP,1,323,7260,0.181818182,0.666666667,0.163131313,0.140251845,66322046.11,21.95533141,4539.134213,680.870132,110263860.3,464.2044674,61632.1206,9244.81809,0.07364884,0.068596768
20,24,V,1,338,6880,0.181818182,0.666666667,0.180135659,0.15263979,66322046.11,21.95533141,4765.303351,714.7955027,110263860.3,464.2044674,58185.84183,8727.876275,0.081897988,0.075698438
21,1,DD,2,279,5989,0.181818182,0.666666667,0.170813157,0.145892755,66322046.11,21.95533141,3875.704742,581.3557113,110263860.3,464.2044674,50105.22505,7515.783757,0.077351309,0.071797666
21,2,DD,2,304,6618,0.181818182,0.666666667,0.168429536,0.144150358,66322046.11,21.95533141,4252.653305,637.8979958,110263860.3,464.2044674,55809.72332,8371.458498,0.076199147,0.070803947
21,3,DD,2,299,7294,0.181818182,0.666666667,0.150306188,0.130666243,66322046.11,21.95533141,4177.263592,626.5895389,110263860.3,464.2044674,61940.47186,9291.070778,0.06743997,0.063179169
21,4,DD,2,274,6992,0.181818182,0.666666667,0.143688024,0.125635682,66322046.11,21.95533141,3800.315029,570.0472544,110263860.3,464.2044674,59201.58715,8880.238073,0.06419279,0.060320639
21,5,DD,2,286,7596,0.181818182,0.666666667,0.138055117,0.121307936,66322046.11,21.95533141,3981.250339,597.1875509,110263860.3,464.2044674,64679.35656,9701.903484,0.061553648,0.057984491
21,6,DD,2,318,7265,0.181818182,0.666666667,0.160495526,0.138299134,66322046.11,21.95533141,4463.744501,669.5616751,110263860.3,464.2044674,61677.46637,9251.619956,0.072372371,0.067488098
21,7,D,2,299,7716,0.181818182,0.666666667,0.142085709,0.124408972,66322046.11,21.95533141,4177.263592,626.5895389,110263860.3,464.2044674,65767.65511,9865.148267,0.063515471,0.059722188
21,8,D,2,303,7352,0.181818182,0.666666667,0.151115343,0.131277325,66322046.11,21.95533141,4237.575363,635.6363044,110263860.3,464.2044674,62466.48282,9369.972424,0.067837585,0.063527999
21,9,D,2,327,7508,0.181818182,0.666666667,0.159696324,0.137705295,66322046.11,21.95533141,4599.445983,689.9168975,110263860.3,464.2044674,63881.27095,9582.190642,0.071999914,0.067164104
21,10,D,2,311,7606,0.181818182,0.666666667,0.149925497,0.130378444,66322046.11,21.95533141,4358.198903,653.7298354,110263860.3,464.2044674,64770.0481,9715.507216,0.067287257,0.063045124
21,11,D,2,301,7280,0.181818182,0.666666667,0.151602564,0.131644865,66322046.11,21.95533141,4207.419477,631.1129216,110263860.3,464.2044674,61813.50369,9272.025554,0.068066348,0.063728577
21,12,V,2,257,7319,0.181818182,0.666666667,0.128751651,0.114065526,66322046.11,21.95533141,3543.990006,531.5985009,110263860.3,464.2044674,62167.20072,9325.080108,0.057007392,0.053932823
21,13,DDT,2,284,7547,0.181818182,0.666666667,0.137979771,0.121249757,66322046.11,21.95533141,3951.094454,592.6641682,110263860.3,464.2044674,64234.96798,9635.245197,0.061510025,0.057945778
21,14,DDT,2,289,6904,0.181818182,0.666666667,0.153485902,0.13306266,66322046.11,21.95533141,4026.484167,603.9726251,110263860.3,464.2044674,58403.50155,8760.525232,0.068942513,0.064495997
21,15,DDT,2,283,7387,0.181818182,0.666666667,0.140472,0.123170056,66322046.11,21.95533141,3936.016512,590.4024768,110263860.3,464.2044674,62783.90324,9417.585486,0.062691491,0.058993124
21,16,DDT,2,311,8439,0.181818182,0.666666667,0.135126595,0.119040991,66322046.11,21.95533141,4358.198903,653.7298354,110263860.3,464.2044674,72324.65392,10848.69809,0.060258828,0.056834074
21,17,DDT,2,228,7299,0.181818182,0.666666667,0.114536238,0.102765827,66322046.11,21.95533141,3106.729672,466.0094509,110263860.3,464.2044674,61985.81763,9297.872644,0.050120008,0.047727886
21,18,V,2,286,7548,0.181818182,0.666666667,0.138933051,0.121985266,66322046.11,21.95533141,3981.250339,597.1875509,110263860.3,464.2044674,64244.03713,9636.60557,0.061970737,0.058354468
21,19,DDTTP,2,305,7066,0.181818182,0.666666667,0.158269648,0.13664318,66322046.11,21.95533141,4267.731248,640.1596871,110263860.3,464.2044674,59872.7046,8980.90569,0.071280081,0.066537297
21,20,DDTTP,2,285,7412,0.181818182,0.666666667,0.140987588,0.123566276,66322046.11,21.95533141,3966.172397,594.9258595,110263860.3,464.2044674,63010.6321,9451.594816,0.062944495,0.059217104
21,21,DDTTP,2,299,8195,0.181818182,0.666666667,0.133780761,0.117995264,66322046.11,21.95533141,4177.263592,626.5895389,110263860.3,464.2044674,70111.78019,10516.76703,0.059580053,0.056229874
21,22,DDTTP,2,275,7387,0.181818182,0.666666667,0.13650106,0.120106408,66322046.11,21.95533141,3815.392972,572.3089457,110263860.3,464.2044674,62783.90324,9417.585486,0.060770242,0.057288788
21,23,DDTTP,2,292,7566,0.181818182,0.666666667,0.141510265,0.12396758,66322046.11,21.95533141,4071.717995,610.7576992,110263860.3,464.2044674,64407.28192,9661.092288,0.063218286,0.059459367
21,24,V,2,285,6923,0.181818182,0.666666667,0.150946122,0.131149598,66322046.11,21.95533141,3966.172397,594.9258595,110263860.3,464.2044674,58575.81548,8786.372323,0.067710067,0.063416155
22,1,DDTT,2,302,7516,0.181818182,0.666666667,0.14733014,0.128411287,66322046.11,21.95533141,4222.49742,633.374613,110263860.3,464.2044674,63953.82419,9593.073628,0.066024158,0.061934955
22,2,DDTT,2,330,7600,0.181818182,0.666666667,0.159210526,0.137343927,66322046.11,21.95533141,4644.679811,696.7019716,110263860.3,464.2044674,64715.63318,9707.344976,0.0717706,0.066964516
22,3,DDTT,2,356,7139,0.181818182,0.666666667,0.182845403,0.154580981,66322046.11,21.95533141,5036.706317,755.5059475,110263860.3,464.2044674,60534.75289,9080.212933,0.08320355,0.076812479
22,4,DDTT,2,292,7424,0.181818182,0.666666667,0.144216954,0.126039868,66322046.11,21.95533141,4071.717995,610.7576992,110263860.3,464.2044674,63119.46196,9467.919294,0.064508123,0.060598995
22,5,DDTT,2,297,7304,0.181818182,0.666666667,0.149096386,0.129750983,66322046.11,21.95533141,4147.107707,622.0661561,110263860.3,464.2044674,62031.1634,9304.67451,0.06685523,0.0626657
22,6,DDTT,2,339,7213,0.181818182,0.666666667,0.172327742,0.146996216,66322046.11,21.95533141,4780.381294,717.0571941,110263860.3,464.2044674,61205.87033,9180.880549,0.078103314,0.072445111
22,7,TT,2,306,7245,0.181818182,0.666666667,0.154865424,0.134098243,66322046.11,21.95533141,4282.80919,642.4213785,110263860.3,464.2044674,61496.08328,9224.412492,0.069643609,0.065109171
22,8,TT,2,286,7437,0.181818182,0.666666667,0.141006678,0.12358094,66322046.11,21.95533141,3981.250339,597.1875509,110263860.3,464.2044674,63237.36097,9485.604145,0.06295725,0.059228393
22,9,TT,2,307,7660,0.181818182,0.666666667,0.146953873,0.128125356,66322046.11,21.95533141,4297.887133,644.6830699,110263860.3,464.2044674,65259.78245,9788.967368,0.065858128,0.061788832
22,10,TT,2,262,8173,0.181818182,0.666666667,0.117541498,0.105178643,66322046.11,21.95533141,3619.379719,542.9069578,110263860.3,464.2044674,69912.25879,10486.83882,0.051770316,0.049222074
22,11,TT,2,275,7999,0.181818182,0.666666667,0.126057424,0.111945822,66322046.11,21.95533141,3815.392972,572.3089457,110263860.3,464.2044674,68334.22588,10250.13388,0.05583429,0.052881679
22,12,V,2,315,8274,0.181818182,0.666666667,0.139593909,0.122494432,66322046.11,21.95533141,4418.510673,662.7766009,110263860.3,464.2044674,70828.2434,10624.23651,0.062383457,0.058720283
22,13,P,2,304,7296,0.181818182,0.666666667,0.152777778,0.13253012,66322046.11,21.95533141,4252.653305,637.8979958,110263860.3,464.2044674,61958.61017,9293.791525,0.068637003,0.064228548
22,14,P,2,263,8115,0.181818182,0.666666667,0.118833436,0.10621191,66322046.11,21.95533141,3634.457661,545.1686492,110263860.3,464.2044674,69386.24782,10407.93717,0.052380086,0.049772974
22,15,P,2,272,7998,0.181818182,0.666666667,0.124697841,0.110872304,66322046.11,21.95533141,3770.159144,565.5238716,110263860.3,464.2044674,68325.15672,10248.77351,0.055179663,0.052294093
22,16,P,2,274,8409,0.181818182,0.666666667,0.119475165,0.106724266,66322046.11,21.95533141,3800.315029,570.0472544,110263860.3,464.2044674,72052.57928,10807.88689,0.052743636,0.050101121
22,17,P,2,274,8250,0.181818182,0.666666667,0.121777778,0.108557845,66322046.11,21.95533141,3800.315029,570.0472544,110263860.3,464.2044674,70610.58369,10591.58755,0.053820756,0.051072022
22,18,V,2,296,7338,0.181818182,0.666666667,0.147905878,0.128848437,66322046.11,21.95533141,4132.029765,619.8044647,110263860.3,464.2044674,62339.51466,9350.927199,0.066282675,0.062162385
22,19,TTP,2,314,7339,0.181818182,0.666666667,0.156878775,0.135605198,66322046.11,21.95533141,4403.43273,660.5149096,110263860.3,464.2044674,62348.58381,9352.287572,0.070626026,0.065967037
22,20,TTP,2,294,7644,0.181818182,0.666666667,0.141025641,0.123595506,66322046.11,21.95533141,4101.87388,615.281082,110263860.3,464.2044674,65114.67598,9767.201397,0.062994614,0.059261461
22,21,TTP,2,260,7803,0.181818182,0.666666667,0.122175232,0.108873577,66322046.11,21.95533141,3589.223834,538.383575,110263860.3,464.2044674,66556.67157,9983.500735,0.053927334,0.051167981
22,22,TTP,2,288,7646,0.181818182,0.666666667,0.138111431,0.121351413,66322046.11,21.95533141,4011.406225,601.7109337,110263860.3,464.2044674,65132.81429,9769.922143,0.061588099,0.058015062
22,23,TTP,2,306,8097,0.181818182,0.666666667,0.138569841,0.121705174,66322046.11,21.95533141,4282.80919,642.4213785,110263860.3,464.2044674,69223.00303,10383.45045,0.06186974,0.058264905
22,24,V,2,267,7650,0.181818182,0.666666667,0.127973856,0.11345463,66322046.11,21.95533141,3694.769431,554.2154147,110263860.3,464.2044674,65169.09091,9775.363636,0.05669512,0.053653243
23,1,DD,3,301,7418,0.181818182,0.666666667,0.148782241,0.129513006,66322046.11,21.95533141,4207.419477,631.1129216,110263860.3,464.2044674,63065.04703,9459.757055,0.066715553,0.062542964
23,2,DD,3,291,7379,0.181818182,0.666666667,0.144599539,0.126331991,66322046.11,21.95533141,4056.640052,608.4960078,110263860.3,464.2044674,62711.35,9406.7025,0.064687494,0.060757259
23,3,DD,3,307,7874,0.181818182,0.666666667,0.142959953,0.125078707,66322046.11,21.95533141,4297.887133,644.6830699,110263860.3,464.2044674,67200.58155,10080.08723,0.0639561,0.060111597
23,4,DD,3,310,7789,0.181818182,0.666666667,0.145932298,0.127348097,66322046.11,21.95533141,4343.12096,651.468144,110263860.3,464.2044674,66429.7034,9964.45551,0.065379201,0.061367071
23,5,DD,3,305,7433,0.181818182,0.666666667,0.150455177,0.130778826,66322046.11,21.95533141,4267.731248,640.1596871,110263860.3,464.2044674,63201.08435,9480.162653,0.067526235,0.063254871
23,6,DD,3,293,7256,0.181818182,0.666666667,0.148061374,0.128966428,66322046.11,21.95533141,4086.795937,613.0193906,110263860.3,464.2044674,61595.84398,9239.376597,0.066348566,0.062220336
23,7,D,3,297,7210,0.181818182,0.666666667,0.151040222,0.131220629,66322046.11,21.95533141,4147.107707,622.0661561,110263860.3,464.2044674,61178.66287,9176.79943,0.067786831,0.063483487
23,8,D,3,332,7854,0.181818182,0.666666667,0.154995331,0.134195635,66322046.11,21.95533141,4674.835696,701.2253544,110263860.3,464.2044674,67019.19846,10052.87977,0.06975368,0.065205365
23,9,D,3,279,7591,0.181818182,0.666666667,0.134764853,0.118760158,66322046.11,21.95533141,3875.704742,581.3557113,110263860.3,464.2044674,64634.01078,9695.101618,0.05996386,0.056571608
23,10,D,3,270,7617,0.181818182,0.666666667,0.12997243,0.115022656,66322046.11,21.95533141,3740.003259,561.0004888,110263860.3,464.2044674,64869.8088,9730.471321,0.057653989,0.054511201
23,11,D,3,337,8295,0.181818182,0.666666667,0.14896524,0.129651651,66322046.11,21.95533141,4750.225409,712.5338113,110263860.3,464.2044674,71018.69565,10652.80435,0.066886971,0.062693587
23,12,V,3,290,8193,0.181818182,0.666666667,0.129785589,0.114876301,66322046.11,21.95533141,4041.56211,606.2343164,110263860.3,464.2044674,70093.64188,10514.04628,0.057659468,0.054516099
23,13,DDT,3,300,6891,0.181818182,0.666666667,0.159628501,0.137654862,66322046.11,21.95533141,4192.341535,628.8512302,110263860.3,464.2044674,58285.60254,8742.84038,0.071927566,0.067101144
23,14,DDT,3,296,33,0.181818182,0.666666667,32.88888889,0.970491803,66322046.11,21.95533141,4132.029765,619.8044647,110263860.3,464.2044674,,,,
23,15,DDT,3,319,15077,0.181818182,0.666666667,0.077579536,0.071994255,66322046.11,21.95533141,4478.822443,671.8233665,110263860.3,464.2044674,132525.7024,19878.85536,0.033795878,0.032691055
23,16,DDT,3,300,7288,0.181818182,0.666666667,0.150933041,0.131139723,66322046.11,21.95533141,4192.341535,628.8512302,110263860.3,464.2044674,61886.05693,9282.908539,0.067742909,0.063444963
23,17,DDT,3,310,7971,0.181818182,0.666666667,0.142600259,0.124803279,66322046.11,21.95533141,4343.12096,651.468144,110263860.3,464.2044674,68080.28955,10212.04343,0.063794102,0.059968468
23,18,V,3,275,7882,0.181818182,0.666666667,0.127928614,0.113419069,66322046.11,21.95533141,3815.392972,572.3089457,110263860.3,464.2044674,67273.13478,10090.97022,0.056714957,0.053671008
23,19,DDTTP,3,300,7067,0.181818182,0.666666667,0.155653035,0.13468838,66322046.11,21.95533141,4192.341535,628.8512302,110263860.3,464.2044674,59881.77375,8982.266063,0.07001031,0.065429566
23,20,DDTTP,3,310,7143,0.181818182,0.666666667,0.159130151,0.13728411,66322046.11,21.95533141,4343.12096,651.468144,110263860.3,464.2044674,60571.0295,9085.654426,0.071702941,0.066905612
23,21,DDTTP,3,302,7214,0.181818182,0.666666667,0.153497828,0.133071623,66322046.11,21.95533141,4222.49742,633.374613,110263860.3,464.2044674,61214.93948,9182.240923,0.068978218,0.064527243
23,22,DDTTP,3,317,7031,0.181818182,0.666666667,0.165315508,0.141863303,66322046.11,21.95533141,4448.666558,667.2999837,110263860.3,464.2044674,59555.28419,8933.292628,0.0746981,0.069506124
23,23,DDTTP,3,301,6855,0.181818182,0.666666667,0.161001702,0.13867482,66322046.11,21.95533141,4207.419477,631.1129216,110263860.3,464.2044674,57959.11297,8693.866945,0.072592889,0.067679816
23,24,V,3,292,7236,0.181818182,0.666666667,0.147963884,0.128892456,66322046.11,21.95533141,4071.717995,610.7576992,110263860.3,464.2044674,61414.46089,9212.169133,0.066299011,0.062176753
24,1,DDTT,3,306,6408,0.181818182,0.666666667,0.175093633,0.149003984,66322046.11,21.95533141,4282.80919,642.4213785,110263860.3,464.2044674,53905.20084,8085.780127,0.07945076,0.07360295
24,2,DDTT,3,320,6551,0.181818182,0.666666667,0.179107515,0.151900919,66322046.11,21.95533141,4493.900386,674.0850578,110263860.3,464.2044674,55202.08996,8280.313494,0.081408157,0.075279769
24,3,DDTT,3,254,7281,0.181818182,0.666666667,0.127912832,0.113406665,66322046.11,21.95533141,3498.756178,524.8134268,110263860.3,464.2044674,61822.57285,9273.385927,0.056593507,0.053562232
24,4,DDTT,3,294,6950,0.181818182,0.666666667,0.155107914,0.13428002,66322046.11,21.95533141,4101.87388,615.281082,110263860.3,464.2044674,58820.68266,8823.102399,0.069735231,0.065189244
24,5,DDTT,3,285,7577,0.181818182,0.666666667,0.137917382,0.121201577,66322046.11,21.95533141,3966.172397,594.9258595,110263860.3,464.2044674,64507.04262,9676.056393,0.061484332,0.057922976
24,6,DDTT,3,292,6736,0.181818182,0.666666667,0.158946952,0.137147737,66322046.11,21.95533141,4071.717995,610.7576992,110263860.3,464.2044674,56879.88357,8531.982535,0.071584499,0.066802478
24,7,TT,3,261,7020,0.181818182,0.666666667,0.136324786,0.119969914,66322046.11,21.95533141,3604.301776,540.6452664,110263860.3,464.2044674,59455.52348,8918.328523,0.060621816,0.057156863
24,8,TT,3,295,7698,0.181818182,0.666666667,0.140512687,0.123201336,66322046.11,21.95533141,4116.951822,617.5427733,110263860.3,464.2044674,65604.41033,9840.66155,0.062754193,0.059048643
24,9,TT,3,263,8227,0.181818182,0.666666667,0.117215672,0.104917676,66322046.11,21.95533141,3634.457661,545.1686492,110263860.3,464.2044674,70401.99314,10560.29897,0.051624357,0.049090112
24,10,TT,3,270,7669,0.181818182,0.666666667,0.129091146,0.114331909,66322046.11,21.95533141,3740.003259,561.0004888,110263860.3,464.2044674,65341.40485,9801.210727,0.057237876,0.054139071
24,11,TT,3,275,7112,0.181818182,0.666666667,0.141779153,0.124173884,66322046.11,21.95533141,3815.392972,572.3089457,110263860.3,464.2044674,60289.88571,9043.482857,0.06328413,0.05951761
24,12,V,3,274,7676,0.181818182,0.666666667,0.130884141,0.115736119,66322046.11,21.95533141,3800.315029,570.0472544,110263860.3,464.2044674,65404.88893,9810.733339,0.058104449,0.054913718
24,13,P,3,288,7278,0.181818182,0.666666667,0.145094806,0.126709863,66322046.11,21.95533141,4011.406225,601.7109337,110263860.3,464.2044674,61795.36538,9269.304807,0.064914354,0.060957347
24,14,P,3,290,7433,0.181818182,0.666666667,0.143055742,0.125152026,66322046.11,21.95533141,4041.56211,606.2343164,110263860.3,464.2044674,63201.08435,9480.162653,0.06394767,0.06010415
24,15,P,3,264,7840,0.181818182,0.666666667,0.123469388,0.109900091,66322046.11,21.95533141,3649.535604,547.4303406,110263860.3,464.2044674,66892.23029,10033.83454,0.054558438,0.051735813
24,16,P,3,281,7201,0.181818182,0.666666667,0.143081979,0.125172107,66322046.11,21.95533141,3905.860627,585.879094,110263860.3,464.2044674,61097.04047,9164.556071,0.063928802,0.060087482
24,17,P,3,281,7379,0.181818182,0.666666667,0.139630483,0.122522594,66322046.11,21.95533141,3905.860627,585.879094,110263860.3,464.2044674,62711.35,9406.7025,0.062283153,0.058631405
24,18,V,3,264,7093,0.181818182,0.666666667,0.136472579,0.120084357,66322046.11,21.95533141,3649.535604,547.4303406,110263860.3,464.2044674,60117.57177,9017.635766,0.060706637,0.057232259
24,19,TTP,3,269,5948,0.181818182,0.666666667,0.165826048,0.1422391,66322046.11,21.95533141,3724.925316,558.7387975,110263860.3,464.2044674,49733.38971,7460.008456,0.074897877,0.069679063
24,20,TTP,3,282,7224,0.181818182,0.666666667,0.143133998,0.125211916,66322046.11,21.95533141,3920.938569,588.1407854,110263860.3,464.2044674,61305.63103,9195.844655,0.063957234,0.060112598
24,21,TTP,3,269,5922,0.181818182,0.666666667,0.166554092,0.142774427,66322046.11,21.95533141,3724.925316,558.7387975,110263860.3,464.2044674,49497.59169,7424.638753,0.075254678,0.069987771
24,22,TTP,3,247,7175,0.181818182,0.666666667,0.126225319,0.112078211,66322046.11,21.95533141,3393.210581,508.9815871,110263860.3,464.2044674,60861.24245,9129.186368,0.055753226,0.052808956
24,23,TTP,3,285,6541,0.181818182,0.666666667,0.159761504,0.137753757,66322046.11,21.95533141,3966.172397,594.9258595,110263860.3,464.2044674,55111.39841,8266.709762,0.071966463,0.067134995
24,24,V,3,272,7406,0.181818182,0.666666667,0.134665586,0.118683062,66322046.11,21.95533141,3770.159144,565.5238716,110263860.3,464.2044674,62956.21718,9443.432576,0.059885414,0.056501782
